Datum,Depth_[m],Temp_[C]
28.05.86,0,17.4
28.05.86,5,12.5
28.05.86,10,8.0
28.05.86,20,5.6
28.05.86,30,5.0
28.05.86,40,4.9
09.07.86,0,21.1
09.07.86,5,17.0
09.07.86,10,10.2
09.07.86,20,7.1
09.07.86,30,6.2
09.07.86,40,4.8
30.09.86,0,15.9
30.09.86,5,16.0
30.09.86,10,16.0
30.09.86,20,7.0
30.09.86,30,6.2
30.09.86,40,5.5
21.10.86,0,14.6
21.10.86,5,14.5
21.10.86,10,8.9
21.10.86,20,7.7
21.10.86,30,6.5
21.10.86,40,
26.11.86,0,9.0
26.11.86,5,9.0
26.11.86,10,9.0
26.11.86,20,8.5
26.11.86,30,6.0
26.11.86,40,5.5
18.12.86,0,7.6
18.12.86,5,7.6
18.12.86,10,7.6
18.12.86,20,7.6
18.12.86,30,7.4
18.12.86,40,7.5
18.02.87,0,3.1
18.02.87,5,3.7
18.02.87,10,3.7
18.02.87,20,3.6
18.02.87,30,3.6
18.02.87,40,4.0
18.03.87,0,3.1
18.03.87,5,3.2
18.03.87,10,3.2
18.03.87,20,3.3
18.03.87,30,3.4
18.03.87,40,3.3
15.04.87,0,6.7
15.04.87,5,5.7
15.04.87,10,5.8
15.04.87,20,5.7
15.04.87,30,5.7
15.04.87,40,5.7
13.05.87,0,9.5
13.05.87,5,8.8
13.05.87,10,8.0
13.05.87,20,7.3
13.05.87,30,7.3
13.05.87,40,7.3
17.06.87,0,15.8
17.06.87,5,13.9
17.06.87,10,11.5
17.06.87,20,8.6
17.06.87,30,7.2
17.06.87,40,6.3
15.07.87,0,22.6
15.07.87,5,17.7
15.07.87,10,11.8
15.07.87,20,8.5
15.07.87,30,7.8
15.07.87,40,7.6
26.08.87,0,21.1
26.08.87,5,20.0
26.08.87,10,15.6
26.08.87,20,12.2
26.08.87,30,9.8
26.08.87,40,8.9
09.09.87,0,21.4
09.09.87,5,20.7
09.09.87,10,17.5
09.09.87,20,9.2
09.09.87,30,8.3
09.09.87,40,8.2
16.10.87,0,14.1
16.10.87,5,13.7
16.10.87,10,13.6
16.10.87,20,9.5
16.10.87,30,7.5
16.10.87,40,8.0
18.11.87,0,10.9
18.11.87,5,10.8
18.11.87,10,10.7
18.11.87,20,10.4
18.11.87,30,9.9
18.11.87,40,8.1
09.12.87,0,7.3
09.12.87,5,8.3
09.12.87,10,8.4
09.12.87,20,8.4
09.12.87,30,8.2
09.12.87,40,8.1
27.01.88,0,6.7
27.01.88,5,6.8
27.01.88,10,6.8
27.01.88,20,6.8
27.01.88,30,6.7
27.01.88,40,6.7
17.02.88,0,5.8
17.02.88,5,5.3
17.02.88,10,5.3
17.02.88,20,5.5
17.02.88,30,5.5
17.02.88,40,5.5
23.03.88,0,6.2
23.03.88,5,6.2
23.03.88,10,6.2
23.03.88,20,6.1
23.03.88,30,6.1
23.03.88,40,6.1
20.04.88,0,10.2
20.04.88,5,8.7
20.04.88,10,7.8
20.04.88,20,7.5
20.04.88,30,7.0
20.04.88,40,7.6
18.05.88,0,15.9
18.05.88,5,13.8
18.05.88,10,10.9
18.05.88,20,9.1
18.05.88,30,7.2
18.05.88,40,7.7
22.06.88,0,21.6
22.06.88,5,19.2
22.06.88,10,15.9
22.06.88,20,13.4
22.06.88,30,9.5
22.06.88,40,10.2
20.07.88,0,23.0
20.07.88,5,21.5
20.07.88,10,15.6
20.07.88,20,8.9
20.07.88,30,7.4
20.07.88,40,7.9
17.08.88,0,24.8
17.08.88,5,22.0
17.08.88,10,18.0
17.08.88,20,10.1
17.08.88,30,8.6
17.08.88,40,14.8
28.09.88,0,16.0
28.09.88,5,15.8
28.09.88,10,15.4
28.09.88,20,10.9
28.09.88,30,7.3
28.09.88,40,7.3
19.10.88,0,14.7
19.10.88,5,13.9
19.10.88,10,13.7
19.10.88,20,11.3
19.10.88,30,10.9
19.10.88,40,10.3
16.11.88,0,10.0
16.11.88,5,9.7
16.11.88,10,9.7
16.11.88,20,9.4
16.11.88,30,7.6
16.11.88,40,8.0
14.12.88,0,6.6
14.12.88,5,6.6
14.12.88,10,6.6
14.12.88,20,6.6
14.12.88,30,6.5
14.12.88,40,6.5
25.01.89,0,4.5
25.01.89,5,4.5
25.01.89,10,4.5
25.01.89,20,4.5
25.01.89,30,4.5
25.01.89,40,5.0
22.02.89,0,6.0
22.02.89,5,4.6
22.02.89,10,4.5
22.02.89,20,4.6
22.02.89,30,4.7
22.02.89,40,4.6
15.03.89,0,6.0
15.03.89,5,5.0
15.03.89,10,4.9
15.03.89,20,4.8
15.03.89,30,4.9
15.03.89,40,4.8
24.05.89,0,18.2
24.05.89,5,14.9
24.05.89,10,13.6
24.05.89,20,12.7
24.05.89,30,11.4
24.05.89,40,10.3
14.06.89,0,17.4
14.06.89,5,17.0
14.06.89,10,14.6
14.06.89,20,10.2
14.06.89,30,9.5
14.06.89,40,10.0
26.07.89,0,24.9
26.07.89,5,22.8
26.07.89,10,20.0
26.07.89,20,18.4
26.07.89,30,15.6
26.07.89,40,15.9
16.08.89,0,24.5
16.08.89,5,23.1
16.08.89,10,20.0
16.08.89,20,16.4
16.08.89,30,16.2
16.08.89,40,17.1
20.09.89,0,19.2
20.09.89,5,18.3
20.09.89,10,17.6
20.09.89,20,11.1
20.09.89,30,10.5
20.09.89,40,10.0
18.10.89,0,14.3
18.10.89,5,13.6
18.10.89,10,13.6
18.10.89,20,10.1
18.10.89,30,9.3
18.10.89,40,11.5
15.11.89,0,10.8
15.11.89,5,10.2
15.11.89,10,10.0
15.11.89,20,8.9
15.11.89,30,7.7
15.11.89,40,7.6
21.12.89,0,7.0
21.12.89,5,7.0
21.12.89,10,7.0
21.12.89,20,7.0
21.12.89,30,7.0
21.12.89,40,6.0
10.01.90,0,4.2
10.01.90,5,4.1
10.01.90,10,4.2
10.01.90,20,4.4
10.01.90,30,4.2
10.01.90,40,4.2
21.02.90,0,6.2
21.02.90,5,4.7
21.02.90,10,4.8
21.02.90,20,4.6
21.02.90,30,4.7
21.02.90,40,4.9
14.03.90,0,7.8
14.03.90,5,5.6
14.03.90,10,5.5
14.03.90,20,5.3
14.03.90,30,5.2
14.03.90,40,5.4
25.04.90,0,9.3
25.04.90,5,8.9
25.04.90,10,8.2
25.04.90,20,7.7
25.04.90,30,7.4
25.04.90,40,7.1
30.05.90,0,17.2
30.05.90,5,15.5
30.05.90,10,11.7
30.05.90,20,8.8
30.05.90,30,8.4
30.05.90,40,9.0
13.06.90,0,15.4
13.06.90,5,15.0
13.06.90,10,10.6
13.06.90,20,8.3
13.06.90,30,7.7
13.06.90,40,8.0
11.07.90,0,18.6
11.07.90,5,17.7
11.07.90,10,13.5
11.07.90,20,9.4
11.07.90,30,8.4
11.07.90,40,9.4
22.08.90,0,21.0
22.08.90,5,21.0
22.08.90,10,17.5
22.08.90,20,10.0
22.08.90,30,9.0
22.08.90,40,9.0
17.09.90,0,17.8
17.09.90,5,17.2
17.09.90,10,15.1
17.09.90,20,8.6
17.09.90,30,8.4
17.09.90,40,8.6
31.10.90,0,12.6
31.10.90,5,12.0
31.10.90,10,11.6
31.10.90,20,8.7
31.10.90,30,7.5
31.10.90,40,8.2
14.11.90,0,9.8
14.11.90,5,9.7
14.11.90,10,9.8
14.11.90,20,9.0
14.11.90,30,7.7
14.11.90,40,7.4
16.01.91,0,5.6
16.01.91,5,4.6
16.01.91,10,4.7
16.01.91,20,4.9
16.01.91,30,4.7
16.01.91,40,4.8
13.02.91,0,3.4
13.02.91,5,1.8
13.02.91,10,1.9
13.02.91,20,2.2
13.02.91,30,2.1
13.02.91,40,2.3
20.03.91,0,6.0
20.03.91,5,4.7
20.03.91,10,5.2
20.03.91,20,5.6
20.03.91,30,4.5
20.03.91,40,4.1
17.04.91,0,7.3
17.04.91,5,6.9
17.04.91,10,6.8
17.04.91,20,6.7
17.04.91,30,5.0
17.04.91,40,5.0
22.05.91,0,14.8
22.05.91,5,11.2
22.05.91,10,10.7
22.05.91,20,8.5
22.05.91,30,7.5
22.05.91,40,8.2
12.06.91,0,17.2
12.06.91,5,15.7
12.06.91,10,12.3
12.06.91,20,9.6
12.06.91,30,8.9
12.06.91,40,10.0
22.07.91,0,23.4
22.07.91,5,22.2
22.07.91,10,14.1
22.07.91,20,10.0
22.07.91,30,9.2
22.07.91,40,10.6
21.08.91,0,23.1
21.08.91,5,22.0
21.08.91,10,15.3
21.08.91,20,10.0
21.08.91,30,8.8
21.08.91,40,9.6
16.09.91,0,19.8
16.09.91,5,19.1
16.09.91,10,15.9
16.09.91,20,9.1
16.09.91,30,8.9
16.09.91,40,8.5
06.11.91,0,11.0
06.11.91,5,10.8
06.11.91,10,10.7
06.11.91,20,9.4
06.11.91,30,7.7
06.11.91,40,7.5
11.12.91,0,6.7
11.12.91,5,6.4
11.12.91,10,6.2
11.12.91,20,6.2
11.12.91,30,6.2
11.12.91,40,6.7
15.01.92,0,4.1
15.01.92,5,3.8
15.01.92,10,3.9
15.01.92,20,3.9
15.01.92,30,4.0
15.01.92,40,4.0
19.02.92,0,3.0
19.02.92,5,3.0
19.02.92,10,3.0
19.02.92,20,3.0
19.02.92,30,3.0
19.02.92,40,3.5
11.03.92,0,4.9
11.03.92,5,4.4
11.03.92,10,4.5
11.03.92,20,4.2
11.03.92,30,4.9
11.03.92,40,4.7
08.04.92,0,6.4
08.04.92,5,6.0
08.04.92,10,5.9
08.04.92,20,5.7
08.04.92,30,5.7
08.04.92,40,6.1
13.05.92,0,15.2
13.05.92,5,11.4
13.05.92,10,10.8
13.05.92,20,8.1
13.05.92,30,7.4
13.05.92,40,7.3
24.06.92,0,19.8
24.06.92,5,18.5
24.06.92,10,15.5
24.06.92,20,11.4
24.06.92,30,10.4
24.06.92,40,10.0
15.07.92,0,21.0
15.07.92,5,20.5
15.07.92,10,16.0
15.07.92,20,10.0
15.07.92,30,9.0
15.07.92,40,9.0
12.08.92,0,24.4
12.08.92,5,24.0
12.08.92,10,18.6
12.08.92,20,10.4
12.08.92,30,10.4
12.08.92,40,10.5
16.09.92,0,19.1
16.09.92,5,18.3
16.09.92,10,17.2
16.09.92,20,9.5
16.09.92,30,9.2
16.09.92,40,9.4
14.10.92,0,14.4
14.10.92,5,14.4
14.10.92,10,13.7
14.10.92,20,9.0
14.10.92,30,8.2
14.10.92,40,8.2
11.11.92,0,9.9
11.11.92,5,9.8
11.11.92,10,9.7
11.11.92,20,9.6
11.11.92,30,8.5
11.11.92,40,7.7
02.12.92,0,8.0
02.12.92,5,7.9
02.12.92,10,7.9
02.12.92,20,8.0
02.12.92,30,8.0
02.12.92,40,7.8
13.01.93,0,6.6
13.01.93,5,5.9
13.01.93,10,5.8
13.01.93,20,5.9
13.01.93,30,5.8
13.01.93,40,5.7
17.03.93,0,5.4
17.03.93,5,4.5
17.03.93,10,4.6
17.03.93,20,4.5
17.03.93,30,4.4
17.03.93,40,4.5
20.04.93,0,13.0
20.04.93,5,8.6
20.04.93,10,8.1
20.04.93,20,7.0
20.04.93,30,6.8
20.04.93,40,7.4
12.05.93,0,16.0
12.05.93,5,13.2
12.05.93,10,7.9
12.05.93,20,6.8
12.05.93,30,6.8
12.05.93,40,7.6
08.06.93,0,22.5
08.06.93,5,18.0
08.06.93,10,13.0
08.06.93,20,10.0
08.06.93,30,8.4
08.06.93,40,10.0
28.07.93,0,20.8
28.07.93,5,20.1
28.07.93,10,16.7
28.07.93,20,10.4
28.07.93,30,10.0
28.07.93,40,11.0
25.08.93,0,20.4
25.08.93,5,19.9
25.08.93,10,16.0
25.08.93,20,8.8
25.08.93,30,8.0
25.08.93,40,8.9
15.09.93,0,16.8
15.09.93,5,16.6
15.09.93,10,16.1
15.09.93,20,9.3
15.09.93,30,8.3
15.09.93,40,8.4
11.10.93,0,14.0
11.10.93,5,14.0
11.10.93,10,13.0
11.10.93,20,7.0
11.10.93,30,6.0
11.10.93,40,6.0
10.11.93,0,10.4
10.11.93,5,9.6
10.11.93,10,9.8
10.11.93,20,8.9
10.11.93,30,8.4
10.11.93,40,6.9
01.12.93,0,6.6
01.12.93,5,5.9
01.12.93,10,5.8
01.12.93,20,5.9
01.12.93,30,5.8
01.12.93,40,5.7
12.01.94,0,6.2
12.01.94,5,5.4
12.01.94,10,5.7
12.01.94,20,5.4
12.01.94,30,5.4
12.01.94,40,6.9
02.03.94,0,5.1
02.03.94,5,5.0
02.03.94,10,5.0
02.03.94,20,5.2
02.03.94,30,5.1
02.03.94,40,5.0
23.03.94,0,7.5
23.03.94,5,6.5
23.03.94,10,6.9
23.03.94,20,6.4
23.03.94,30,6.4
23.03.94,40,6.7
19.04.94,0,7.1
19.04.94,5,6.8
19.04.94,10,6.8
19.04.94,20,6.9
19.04.94,30,6.8
19.04.94,40,6.8
17.05.94,0,16.3
17.05.94,5,14.1
17.05.94,10,9.7
17.05.94,20,8.6
17.05.94,30,8.5
17.05.94,40,9.0
07.06.94,0,16.9
07.06.94,5,15.4
07.06.94,10,13.2
07.06.94,20,9.6
07.06.94,30,8.7
07.06.94,40,8.9
26.07.94,0,25.7
26.07.94,5,23.5
26.07.94,10,19.3
26.07.94,20,14.0
26.07.94,30,10.6
26.07.94,40,10.0
24.08.94,0,23.1
24.08.94,5,21.6
24.08.94,10,15.8
24.08.94,20,11.2
24.08.94,30,10.3
24.08.94,40,10.6
20.09.94,0,15.1
20.09.94,5,15.5
20.09.94,10,14.8
20.09.94,20,9.2
20.09.94,30,8.1
20.09.94,40,8.0
12.10.94,0,15.6
12.10.94,5,15.3
12.10.94,10,15.3
12.10.94,20,10.0
12.10.94,30,10.4
12.10.94,40,10.0
16.11.94,0,11.6
16.11.94,5,11.6
16.11.94,10,11.7
16.11.94,20,9.8
16.11.94,30,8.3
16.11.94,40,7.8
14.12.94,0,9.6
14.12.94,5,9.0
14.12.94,10,8.8
14.12.94,20,8.7
14.12.94,30,7.7
14.12.94,40,4.1
17.01.95,0,4.5
17.01.95,5,4.4
17.01.95,10,4.5
17.01.95,20,4.5
17.01.95,30,5.3
17.01.95,40,4.8
21.02.95,0,6.7
21.02.95,5,6.1
21.02.95,10,5.8
21.02.95,20,5.6
21.02.95,30,5.9
21.02.95,40,6.0
21.03.95,0,6.7
21.03.95,5,6.0
21.03.95,10,6.5
21.03.95,20,6.1
21.03.95,30,6.3
21.03.95,40,5.9
25.04.95,0,8.8
25.04.95,5,8.4
25.04.95,10,8.0
25.04.95,20,7.9
25.04.95,30,7.7
25.04.95,40,7.4
23.05.95,0,15.0
23.05.95,5,13.1
23.05.95,10,11.6
23.05.95,20,9.7
23.05.95,30,9.7
23.05.95,40,9.1
20.06.95,0,20.9
20.06.95,5,16.4
20.06.95,10,12.8
20.06.95,20,10.7
20.06.95,30,10.3
20.06.95,40,9.7
25.07.95,0,23.0
25.07.95,5,21.5
25.07.95,10,15.3
25.07.95,20,12.1
25.07.95,30,11.2
25.07.95,40,10.4
22.08.95,0,22.1
22.08.95,5,20.8
22.08.95,10,16.5
22.08.95,20,10.1
22.08.95,30,9.8
22.08.95,40,10.4
19.09.95,0,16.6
19.09.95,5,15.4
19.09.95,10,15.8
19.09.95,20,9.9
19.09.95,30,9.2
19.09.95,40,9.3
17.10.95,0,15.9
17.10.95,5,16.2
17.10.95,10,14.7
17.10.95,20,9.0
17.10.95,30,8.4
17.10.95,40,9.4
21.11.95,0,9.9
21.11.95,5,9.6
21.11.95,10,9.5
21.11.95,20,8.4
21.11.95,30,8.0
21.11.95,40,8.0
05.12.95,0,8.2
05.12.95,5,7.7
05.12.95,10,7.6
05.12.95,20,7.7
05.12.95,30,7.7
05.12.95,40,6.9
16.01.96,0,6.8
16.01.96,5,4.9
16.01.96,10,5.0
16.01.96,20,5.0
16.01.96,30,5.1
16.01.96,40,5.4
20.02.96,0,4.9
20.02.96,5,3.5
20.02.96,10,3.5
20.02.96,20,3.5
20.02.96,30,3.5
20.02.96,40,3.8
20.03.96,0,5.9
20.03.96,5,4.9
20.03.96,10,4.9
20.03.96,20,4.8
20.03.96,30,4.7
20.03.96,40,5.0
23.04.96,0,15.0
23.04.96,5,8.8
23.04.96,10,7.7
23.04.96,20,6.9
23.04.96,30,7.0
23.04.96,40,7.0
21.05.96,0,15.0
21.05.96,5,13.4
21.05.96,10,10.0
21.05.96,20,8.0
21.05.96,30,8.2
21.05.96,40,7.5
17.06.96,0,20.5
17.06.96,5,18.3
17.06.96,10,14.5
17.06.96,20,10.8
17.06.96,30,9.3
17.06.96,40,9.0
23.07.96,0,23.5
23.07.96,5,20.2
23.07.96,10,17.9
23.07.96,20,11.4
23.07.96,30,10.3
23.07.96,40,10.0
21.08.96,0,21.2
21.08.96,5,20.6
21.08.96,10,17.4
21.08.96,20,14.3
21.08.96,30,10.5
21.08.96,40,9.2
17.09.96,0,14.8
17.09.96,5,15.0
17.09.96,10,14.2
17.09.96,20,7.1
17.09.96,30,6.4
17.09.96,40,7.0
22.10.96,0,12.0
22.10.96,5,12.1
22.10.96,10,11.8
22.10.96,20,8.7
22.10.96,30,7.2
22.10.96,40,7.4
26.11.96,0,8.0
26.11.96,5,8.0
26.11.96,10,8.0
26.11.96,20,7.8
26.11.96,30,7.7
26.11.96,40,6.2
10.12.96,0,5.9
10.12.96,5,5.9
10.12.96,10,5.7
10.12.96,20,5.7
10.12.96,30,5.8
10.12.96,40,5.3
08.04.97,0,7.3
08.04.97,5,7.0
08.04.97,10,6.9
08.04.97,20,6.9
08.04.97,30,6.9
08.04.97,40,6.9
18.06.97,0,20.0
18.06.97,5,20.0
18.06.97,10,15.0
18.06.97,20,12.0
18.06.97,30,10.0
18.06.97,40,10.0
19.08.97,0,25.0
19.08.97,5,20.0
19.08.97,10,16.0
19.08.97,20,11.0
19.08.97,30,12.0
19.08.97,40,12.0
18.11.97,0,9.7
18.11.97,5,9.3
18.11.97,10,9.6
18.11.97,20,9.6
18.11.97,30,8.8
18.11.97,40,8.3
05.05.98,0,12.0
05.05.98,5,11.6
05.05.98,10,9.0
05.05.98,20,7.8
05.05.98,30,7.6
05.05.98,40,7.9
25.08.98,0,21.1
25.08.98,5,20.4
25.08.98,10,16.7
25.08.98,20,9.2
25.08.98,30,8.8
25.08.98,40,9.9
17.11.98,0,8.7
17.11.98,5,9.0
17.11.98,10,8.8
17.11.98,20,9.2
17.11.98,30,8.4
17.11.98,40,7.2
24.02.99,0,2.7
24.02.99,5,2.7
24.02.99,10,2.7
24.02.99,20,2.6
24.02.99,30,2.6
24.02.99,40,3.0
11.05.99,0,16.1
11.05.99,5,13.9
11.05.99,10,8.0
11.05.99,20,6.1
11.05.99,30,5.4
11.05.99,40,5.1
20.07.99,0,23.5
20.07.99,5,20.2
20.07.99,10,15.4
20.07.99,20,8.8
20.07.99,30,8.5
20.07.99,40,11.1
05.10.99,0,16.0
05.10.99,5,16.0
05.10.99,10,15.7
05.10.99,20,6.9
05.10.99,30,5.9
05.10.99,40,5.4
21.02.00,0,3.8
21.02.00,5,3.8
21.02.00,10,3.8
21.02.00,20,3.8
21.02.00,30,3.8
21.02.00,40,3.8
17.05.00,0,21.5
17.05.00,5,16.6
17.05.00,10,10.5
17.05.00,20,10.6
17.05.00,30,8.8
17.05.00,40,11.4
25.07.00,0,20.9
25.07.00,5,19.2
25.07.00,10,16.0
25.07.00,20,8.8
25.07.00,30,8.4
25.07.00,40,8.7
09.10.00,0,15.8
09.10.00,5,15.8
09.10.00,10,15.5
09.10.00,20,8.2
09.10.00,30,7.7
09.10.00,40,9.1
20.02.01,0,4.8
20.02.01,5,4.8
20.02.01,10,4.8
20.02.01,20,4.8
20.02.01,30,4.8
20.02.01,40,4.7
29.05.01,0,22.2
29.05.01,5,15.8
29.05.01,10,11.4
29.05.01,20,8.6
29.05.01,30,8.1
29.05.01,40,8.4
21.08.01,0,23.0
21.08.01,5,22.7
21.08.01,10,15.1
21.08.01,20,9.1
21.08.01,30,8.3
21.08.01,40,8.1
16.10.01,0,16.6
16.10.01,5,16.3
16.10.01,10,14.8
16.10.01,20,9.5
16.10.01,30,8.0
16.10.01,40,9.1
27.02.02,0,4.2
27.02.02,5,4.1
27.02.02,10,4.1
27.02.02,20,4.1
27.02.02,30,4.1
27.02.02,40,4.1
13.05.02,0,14.8
13.05.02,5,11.6
13.05.02,10,9.0
13.05.02,20,7.5
13.05.02,30,6.6
13.05.02,40,6.3
22.07.02,0,21.8
22.07.02,5,21.2
22.07.02,10,12.8
22.07.02,20,7.4
22.07.02,30,6.8
22.07.02,40,6.5
17.10.02,0,14.0
17.10.02,5,14.0
17.10.02,10,14.0
17.10.02,20,7.7
17.10.02,30,7.0
17.10.02,40,6.6
18.02.03,0,3.1
18.02.03,5,3.1
18.02.03,10,3.1
18.02.03,20,3.1
18.02.03,30,3.1
18.02.03,40,3.2
12.06.03,0,26.7
12.06.03,5,16.6
12.06.03,10,9.9
12.06.03,20,6.2
12.06.03,30,5.8
12.06.03,40,5.5
01.07.03,0,24.4
01.07.03,5,24.4
01.07.03,10,12.1
01.07.03,20,6.4
01.07.03,30,5.9
01.07.03,40,5.6
15.10.03,0,13.2
15.10.03,5,13.2
15.10.03,10,13.1
15.10.03,20,7.1
15.10.03,30,6.0
15.10.03,40,5.8
18.02.04,0,4.2
18.02.04,5,4.2
18.02.04,10,4.2
18.02.04,20,4.2
18.02.04,30,4.2
18.02.04,40,4.1
13.05.04,0,12.7
13.05.04,5,10.2
13.05.04,10,9.6
13.05.04,20,6.8
13.05.04,30,6.4
13.05.04,40,6.0
11.08.04,0,25.5
11.08.04,5,24.4
11.08.04,10,17.1
11.08.04,20,7.9
11.08.04,30,6.9
11.08.04,40,6.4
13.10.04,0,16.9
13.10.04,5,16.4
13.10.04,10,16.3
13.10.04,20,7.8
13.10.04,30,7.0
13.10.04,40,6.5
17.02.05,0,3.2
17.02.05,5,3.2
17.02.05,10,3.2
17.02.05,20,3.2
17.02.05,30,3.3
17.02.05,40,3.3
18.05.05,0,12.4
18.05.05,5,12.3
18.05.05,10,8.3
18.05.05,20,6.4
18.05.05,30,5.7
18.05.05,40,5.4
10.08.05,0,22.9
10.08.05,5,21.9
10.08.05,10,13.7
10.08.05,20,7.0
10.08.05,30,6.0
10.08.05,40,5.6
12.10.05,0,16.2
12.10.05,5,15.6
12.10.05,10,15.4
12.10.05,20,7.4
12.10.05,30,6.2
12.10.05,40,5.7
22.02.06,0,2.8
22.02.06,5,2.8
22.02.06,10,2.8
22.02.06,20,2.8
22.02.06,30,2.8
22.02.06,40,2.8
11.05.06,0,12.0
11.05.06,5,11.7
11.05.06,10,7.4
11.05.06,20,5.4
11.05.06,30,5.2
11.05.06,40,5.0
16.08.06,0,20.7
16.08.06,5,18.1
16.08.06,10,12.3
16.08.06,20,6.4
16.08.06,30,5.6
16.08.06,40,5.2
12.10.06,0,16.6
12.10.06,5,16.6
12.10.06,10,16.2
12.10.06,20,6.8
12.10.06,30,5.6
12.10.06,40,5.2
15.02.07,0,5.2
15.02.07,5,5.2
15.02.07,10,5.2
15.02.07,20,5.2
15.02.07,30,5.2
15.02.07,40,5.2
10.05.07,0,15.2
10.05.07,5,14.2
10.05.07,10,8.6
10.05.07,20,6.7
10.05.07,30,6.5
10.05.07,40,6.3
09.08.07,0,19.7
09.08.07,5,19.7
09.08.07,10,16.7
09.08.07,20,8.8
09.08.07,30,6.9
09.08.07,40,6.6
10.10.07,0,16.7
10.10.07,5,16.3
10.10.07,10,16.0
10.10.07,20,8.2
10.10.07,30,7.0
10.10.07,40,6.6
21.02.08,0,4.2
21.02.08,5,4.2
21.02.08,10,4.0
21.02.08,20,4.0
21.02.08,30,4.0
21.02.08,40,4.0
21.05.08,0,15.7
21.05.08,5,15.5
21.05.08,10,10.9
21.05.08,20,6.9
21.05.08,30,6.2
21.05.08,40,5.8
07.08.08,0,24.0
07.08.08,5,23.7
07.08.08,10,11.8
07.08.08,20,7.1
07.08.08,30,6.4
07.08.08,40,6.0
15.10.08,0,15.9
15.10.08,5,13.3
15.10.08,10,12.8
15.10.08,20,7.1
15.10.08,30,6.5
15.10.08,40,6.1
23.02.09,0,2.7
23.02.09,5,2.7
23.02.09,10,2.7
23.02.09,20,2.8
23.02.09,30,2.8
23.02.09,40,2.8
13.05.09,0,17.9
13.05.09,5,13.9
13.05.09,10,8
13.05.09,20,5
13.05.09,30,4.8
13.05.09,40,4.8
19.08.09,0,26.6
19.08.09,5,24.8
19.08.09,10,16.6
19.08.09,20,6.6
19.08.09,30,5.2
19.08.09,40,4.9
14.10.09,0,16.7
14.10.09,5,16.7
14.10.09,10,16.7
14.10.09,20,7.1
14.10.09,30,5.4
14.10.09,40,5
24.02.10,0,2.9
24.02.10,5,2.9
24.02.10,10,2.9
24.02.10,20,2.9
24.02.10,30,2.8
24.02.10,40,3.1
19.05.10,0,12.9
19.05.10,5,12.4
19.05.10,10,9.5
19.05.10,20,6.5
19.05.10,30,6.1
19.05.10,40,5.9
18.08.10,0,19.3
18.08.10,5,19.3
18.08.10,10,14.8
18.08.10,20,7
18.08.10,30,6.3
18.08.10,40,5.9
20.10.10,0,13.4
20.10.10,5,13.3
20.10.10,10,13.3
20.10.10,20,7.4
20.10.10,30,6.4
20.10.10,40,6
16.02.11,0,3.6
16.02.11,5,3.6
16.02.11,10,3.6
16.02.11,20,3.6
16.02.11,30,3.4
16.02.11,40,3.4
18.05.11,0,19.5
18.05.11,5,16.8
18.05.11,10,9.8
18.05.11,20,5.4
18.05.11,30,4.8
18.05.11,40,4.6
22.08.11,0,24.9
22.08.11,5,22.9
22.08.11,10,17.2
22.08.11,20,6.1
22.08.11,30,5
22.08.11,40,4.8
11.10.11,0,17.3
11.10.11,5,17.1
11.10.11,10,17
11.10.11,20,6.6
11.10.11,30,5.2
11.10.11,40,4.9
01.03.12,0,1.6
01.03.12,5,2
01.03.12,10,2
01.03.12,20,2
01.03.12,30,2
01.03.12,40,2.2
09.05.12,0,12.9
09.05.12,5,11.4
09.05.12,10,9.1
09.05.12,20,7.1
09.05.12,30,6.2
09.05.12,40,5.7
16.08.12,0,23.4
16.08.12,5,22.8
16.08.12,10,17.4
16.08.12,20,8.2
16.08.12,30,6.8
16.08.12,40,6.1
17.10.12,0,15.5
17.10.12,5,15
17.10.12,10,15
17.10.12,20,8.2
17.10.12,30,7
17.10.12,40,6.4
20.02.13,0,4
20.02.13,5,4
20.02.13,10,4
20.02.13,20,4
20.02.13,30,4
20.02.13,40,4.2
15.05.13,0,15.1
15.05.13,5,10.5
15.05.13,10,7
15.05.13,20,5.5
15.05.13,30,5.1
15.05.13,40,5.1
21.08.13,0,22.7
21.08.13,5,22.6
21.08.13,10,13.8
21.08.13,20,7.1
21.08.13,30,5.8
21.08.13,40,5.4
17.10.13,0,14.7
17.10.13,5,14.7
17.10.13,10,14.7
17.10.13,20,7.3
17.10.13,30,5.8
17.10.13,40,5.4
19.02.14,0,5.8
19.02.14,5,5.8
19.02.14,10,5.8
19.02.14,20,5.8
19.02.14,30,5.8
19.02.14,40,5.8
14.05.14,0,11
14.05.14,5,11
14.05.14,10,10.8
14.05.14,20,9.9
14.05.14,30,8.6
14.05.14,40,6.9
20.08.14,0,19.4
20.08.14,5,19.4
20.08.14,10,19.3
20.08.14,20,12.8
20.08.14,30,9
20.08.14,40,7.5
16.10.14,0,17.7
16.10.14,5,17.5
16.10.14,10,17.4
16.10.14,20,15.7
16.10.14,30,9.6
16.10.14,40,8
12.02.15,0,3.7
12.02.15,5,3.8
12.02.15,10,3.8
12.02.15,20,3.8
12.02.15,30,3.8
12.02.15,40,3.8
20.05.15,0,15.5
20.05.15,5,15.4
20.05.15,10,10.5
20.05.15,20,7.1
20.05.15,30,6.3
20.05.15,40,6.1
12.08.15,0,26.7
12.08.15,5,23.6
12.08.15,10,17.6
12.08.15,20,7.6
12.08.15,30,6.6
12.08.15,40,6.3
15.10.15,0,13.9
15.10.15,5,13.9
15.10.15,10,13.9
15.10.15,20,7.9
15.10.15,30,6.9
15.10.15,40,6.4
17.02.16,0,5.5
17.02.16,5,5.4
17.02.16,10,5.4
17.02.16,20,5.4
17.02.16,30,5.4
17.02.16,40,5.4
11.05.16,0,16.6
11.05.16,5,11.3
11.05.16,10,9.8
11.05.16,20,7
11.05.16,30,6.3
11.05.16,40,6
10.08.16,0,23.7
10.08.16,5,22.1
10.08.16,10,13.8
10.08.16,20,7.7
10.08.16,30,6.8
10.08.16,40,6.4
13.10.16,0,13.7
13.10.16,5,13.7
13.10.16,10,13.7
13.10.16,20,7.8
13.10.16,30,6.9
13.10.16,40,6.4
16.02.17,0,3.3
16.02.17,5,3.2
16.02.17,10,3.2
16.02.17,20,3.2
16.02.17,30,3.2
16.02.17,40,3.2
18.05.17,0,16.8
18.05.17,5,12.3
18.05.17,10,11.2
18.05.17,20,7.3
18.05.17,30,5.5
18.05.17,40,4.9
16.08.17,0,23.8
16.08.17,5,22
16.08.17,10,18.3
16.08.17,20,7.1
16.08.17,30,6
16.08.17,40,5.4
12.10.17,0,16.1
12.10.17,5,16.1
12.10.17,10,16.1
12.10.17,20,7.2
12.10.17,30,6.1
12.10.17,40,5.6
08.02.18,0,5
08.02.18,5,5
08.02.18,10,5
08.02.18,20,5
08.02.18,30,5
08.02.18,40,5
16.05.18,0,14.7
16.05.18,5,14.3
16.05.18,10,10.7
16.05.18,20,6.4
16.05.18,30,5.6
16.05.18,40,5
16.08.18,0,24.4
16.08.18,5,24.3
16.08.18,10,15.9
16.08.18,20,6.8
16.08.18,30,5.8
16.08.18,40,5.3
11.10.18,0,16.7
11.10.18,5,16.7
11.10.18,10,16.6
11.10.18,20,6.9
11.10.18,30,6
11.10.18,40,5.4
14.02.19,0,4.3
14.02.19,5,4.3
14.02.19,10,4.3
14.02.19,20,4.3
14.02.19,30,4.3
14.02.19,40,4.4
16.05.19,0,10
16.05.19,5,9.9
16.05.19,10,9.7
16.05.19,20,9.3
16.05.19,30,8.5
16.05.19,40,7.7
14.08.19,0,24
14.08.19,5,23.3
14.08.19,10,14.4
14.08.19,20,9.1
14.08.19,30,8.6
14.08.19,40,8
10.10.19,0,15.8
10.10.19,5,15.8
10.10.19,10,15.8
10.10.19,20,9.4
10.10.19,30,8.6
10.10.19,40,8.1
12.02.20,0,5.9
12.02.20,5,5.9
12.02.20,10,5.9
12.02.20,20,5.9
12.02.20,30,5.8
12.02.20,40,5.8